{
  "overall_accuracy": 0.9686946249261665,
  "macro_f1": 0.9649803360089425,
  "classification_report": {
    "Corn_(maize)___Common_rust_": {
      "precision": 0.9944444444444445,
      "recall": 1.0,
      "f1-score": 0.9972144846796658,
      "support": 179.0
    },
    "Pepper,_bell___Bacterial_spot": {
      "precision": 0.9932432432432432,
      "recall": 0.98,
      "f1-score": 0.9865771812080537,
      "support": 150.0
    },
    "Pepper,_bell___healthy": {
      "precision": 0.9819819819819819,
      "recall": 0.9819819819819819,
      "f1-score": 0.9819819819819819,
      "support": 222.0
    },
    "Potato___Early_blight": {
      "precision": 0.9615384615384616,
      "recall": 1.0,
      "f1-score": 0.9803921568627451,
      "support": 150.0
    },
    "Potato___Late_blight": {
      "precision": 0.8957055214723927,
      "recall": 0.9733333333333334,
      "f1-score": 0.9329073482428115,
      "support": 150.0
    },
    "Potato___healthy": {
      "precision": 0.8846153846153846,
      "recall": 1.0,
      "f1-score": 0.9387755102040817,
      "support": 23.0
    },
    "Tomato___Early_blight": {
      "precision": 0.9699248120300752,
      "recall": 0.86,
      "f1-score": 0.911660777385159,
      "support": 150.0
    },
    "Tomato___Late_blight": {
      "precision": 0.9645390070921985,
      "recall": 0.9477351916376306,
      "f1-score": 0.9560632688927944,
      "support": 287.0
    },
    "Tomato___Leaf_Mold": {
      "precision": 0.9928057553956835,
      "recall": 0.965034965034965,
      "f1-score": 0.9787234042553191,
      "support": 143.0
    },
    "Tomato___healthy": {
      "precision": 0.9754098360655737,
      "recall": 0.99581589958159,
      "f1-score": 0.9855072463768116,
      "support": 239.0
    },
    "accuracy": 0.9686946249261665,
    "macro avg": {
      "precision": 0.9614208447879438,
      "recall": 0.9703901371569501,
      "f1-score": 0.9649803360089425,
      "support": 1693.0
    },
    "weighted avg": {
      "precision": 0.9694804394690201,
      "recall": 0.9686946249261665,
      "f1-score": 0.9685219645079564,
      "support": 1693.0
    }
  }
}